{
  "script_name": "eval_ppl_batch.py",
  "run_id": "20260119_160104",
  "timestamp_local": "2026-01-19 16:01:04",
  "time_run_s": 538.6150448322296,
  "time_run_hms": "8m 58s",
  "args": {
    "model_name": "Qwen/Qwen3-32B",
    "model_dir": "/root/cache/transformers",
    "dtype": "fp16",
    "load_in_8bit": true,
    "load_in_4bit": false,
    "compressor": "none",
    "max_length": 2048,
    "stride": 512,
    "first_k_tokens": 0,
    "batch_size": 2
  },
  "results": {
    "avg_ppl": 6.709541907659436,
    "total_nll": 569302.2447509766,
    "total_loss_tokens": 299077
  },
  "traffic_totals": {
    "total_bytes": 48821698560.0,
    "total_tokens": 4767744.0,
    "total_tx": 1164.0,
    "bytes_per_token": 10240.0
  },
  "traffic_per_link": {
    "layer:7:node0->node1:none": {
      "bytes": 12205424640,
      "tokens": 1191936,
      "tx": 291
    },
    "layer:23:node1->node2:none": {
      "bytes": 12205424640,
      "tokens": 1191936,
      "tx": 291
    },
    "layer:39:node2->node3:none": {
      "bytes": 12205424640,
      "tokens": 1191936,
      "tx": 291
    },
    "layer:55:node3->node0:none": {
      "bytes": 12205424640,
      "tokens": 1191936,
      "tx": 291
    }
  }
}