{
  "script_name": "eval_ppl.py",
  "run_id": "20260123_145809",
  "timestamp_local": "2026-01-23 14:58:09",
  "time_run_s": 194.05607986450195,
  "time_run_hms": "3m 14s",
  "args": {
    "model_name": "Qwen/Qwen3-32B",
    "model_dir": "/root/cache/transformers/Qwen/Qwen3-32B",
    "dtype": "bf16",
    "load_in_8bit": true,
    "load_in_4bit": false,
    "compressor": "none",
    "max_length": 2048,
    "stride": 512,
    "first_k_tokens": 100000,
    "batch_windows": 2
  },
  "results": {
    "avg_ppl": 6.671738659920112,
    "total_nll": 189786.15158081055,
    "total_loss_tokens": 99999
  },
  "traffic_totals": {
    "total_bytes": 4549411072.0,
    "total_tokens": 1579648.0,
    "total_tx": 388.0,
    "bytes_per_token": 2880.015719957864
  },
  "traffic_per_link": {
    "layer:7:node0->node1:none": {
      "bytes": 1137352768,
      "tokens": 394912,
      "tx": 97
    },
    "layer:23:node1->node2:none": {
      "bytes": 1137352768,
      "tokens": 394912,
      "tx": 97
    },
    "layer:39:node2->node3:none": {
      "bytes": 1137352768,
      "tokens": 394912,
      "tx": 97
    },
    "layer:55:node3->node0:none": {
      "bytes": 1137352768,
      "tokens": 394912,
      "tx": 97
    }
  }
}