{
  "script_name": "eval_ppl.py",
  "run_id": "20260123_150822",
  "timestamp_local": "2026-01-23 15:08:22",
  "time_run_s": 580.0621290206909,
  "time_run_hms": "9m 40s",
  "args": {
    "model_name": "Qwen/Qwen3-32B",
    "model_dir": "/root/cache/transformers/Qwen/Qwen3-32B",
    "dtype": "bf16",
    "load_in_8bit": true,
    "load_in_4bit": false,
    "compressor": "none",
    "max_length": 2048,
    "stride": 512,
    "first_k_tokens": 0,
    "batch_windows": 2
  },
  "results": {
    "avg_ppl": 6.7677119034866715,
    "total_nll": 571883.9896850586,
    "total_loss_tokens": 299077
  },
  "traffic_totals": {
    "total_bytes": 13731177216.0,
    "total_tokens": 4767744.0,
    "total_tx": 1164.0,
    "bytes_per_token": 2880.015625
  },
  "traffic_per_link": {
    "layer:7:node0->node1:none": {
      "bytes": 3432794304,
      "tokens": 1191936,
      "tx": 291
    },
    "layer:23:node1->node2:none": {
      "bytes": 3432794304,
      "tokens": 1191936,
      "tx": 291
    },
    "layer:39:node2->node3:none": {
      "bytes": 3432794304,
      "tokens": 1191936,
      "tx": 291
    },
    "layer:55:node3->node0:none": {
      "bytes": 3432794304,
      "tokens": 1191936,
      "tx": 291
    }
  }
}