{
  "script_name": "eval_ppl.py",
  "run_id": "20260124_034519",
  "timestamp_local": "2026-01-24 03:45:19",
  "time_run_s": 241.82127785682678,
  "time_run_hms": "4m 01s",
  "args": {
    "model_name": "Qwen/Qwen3-32B",
    "model_dir": "/root/cache/transformers/Qwen/Qwen3-32B",
    "dtype": "bf16",
    "load_in_8bit": true,
    "load_in_4bit": false,
    "compressor": "hqq",
    "max_length": 2048,
    "stride": 512,
    "first_k_tokens": 100000,
    "batch_windows": 2
  },
  "results": {
    "avg_ppl": 8.245277219746699,
    "total_nll": 210961.94818115234,
    "total_loss_tokens": 99999
  },
  "traffic_totals": {
    "total_bytes": 2527463572.0,
    "total_tokens": 1579648.0,
    "total_tx": 388.0,
    "bytes_per_token": 1600.016948079572
  },
  "traffic_per_link": {
    "layer:7:node0->node1:hqq": {
      "bytes": 631865893,
      "tokens": 394912,
      "tx": 97
    },
    "layer:23:node1->node2:hqq": {
      "bytes": 631865893,
      "tokens": 394912,
      "tx": 97
    },
    "layer:39:node2->node3:hqq": {
      "bytes": 631865893,
      "tokens": 394912,
      "tx": 97
    },
    "layer:55:node3->node0:hqq": {
      "bytes": 631865893,
      "tokens": 394912,
      "tx": 97
    }
  }
}