{
  "script_name": "eval_ppl.py",
  "run_id": "20260124_034044",
  "timestamp_local": "2026-01-24 03:40:44",
  "time_run_s": 120.36403489112854,
  "time_run_hms": "2m 00s",
  "args": {
    "model_name": "Qwen/Qwen3-32B",
    "model_dir": "/root/cache/transformers/Qwen/Qwen3-32B",
    "dtype": "bf16",
    "load_in_8bit": true,
    "load_in_4bit": false,
    "compressor": "hqq",
    "max_length": 2048,
    "stride": 512,
    "first_k_tokens": 50000,
    "batch_windows": 2
  },
  "results": {
    "avg_ppl": 8.292175667186237,
    "total_nll": 105763.50366210938,
    "total_loss_tokens": 49999
  },
  "traffic_totals": {
    "total_bytes": 1244070848.0,
    "total_tokens": 777536.0,
    "total_tx": 192.0,
    "bytes_per_token": 1600.0170384393778
  },
  "traffic_per_link": {
    "layer:7:node0->node1:hqq": {
      "bytes": 311017712,
      "tokens": 194384,
      "tx": 48
    },
    "layer:23:node1->node2:hqq": {
      "bytes": 311017712,
      "tokens": 194384,
      "tx": 48
    },
    "layer:39:node2->node3:hqq": {
      "bytes": 311017712,
      "tokens": 194384,
      "tx": 48
    },
    "layer:55:node3->node0:hqq": {
      "bytes": 311017712,
      "tokens": 194384,
      "tx": 48
    }
  }
}