{
  "script_name": "eval_ppl.py",
  "run_id": "20260124_035757",
  "timestamp_local": "2026-01-24 03:57:57",
  "time_run_s": 724.9877722263336,
  "time_run_hms": "12m 04s",
  "args": {
    "model_name": "Qwen/Qwen3-32B",
    "model_dir": "/root/cache/transformers/Qwen/Qwen3-32B",
    "dtype": "bf16",
    "load_in_8bit": true,
    "load_in_4bit": false,
    "compressor": "hqq",
    "max_length": 2048,
    "stride": 512,
    "first_k_tokens": 0,
    "batch_windows": 2
  },
  "results": {
    "avg_ppl": 8.438713718823585,
    "total_nll": 637880.3662109375,
    "total_loss_tokens": 299077
  },
  "traffic_totals": {
    "total_bytes": 7628470716.0,
    "total_tokens": 4767744.0,
    "total_tx": 1164.0,
    "bytes_per_token": 1600.016845703125
  },
  "traffic_per_link": {
    "layer:7:node0->node1:hqq": {
      "bytes": 1907117679,
      "tokens": 1191936,
      "tx": 291
    },
    "layer:23:node1->node2:hqq": {
      "bytes": 1907117679,
      "tokens": 1191936,
      "tx": 291
    },
    "layer:39:node2->node3:hqq": {
      "bytes": 1907117679,
      "tokens": 1191936,
      "tx": 291
    },
    "layer:55:node3->node0:hqq": {
      "bytes": 1907117679,
      "tokens": 1191936,
      "tx": 291
    }
  }
}